{"nodes":{"node:1":{"location":{"x":0,"y":0}},"node:4":{"location":{"x":86,"y":-79}}},"selection":null,"view":{"scroll":{"x":-10.4624652862548828,"y":-147.403518676757812},"visible_rect":{"max":{"x":237.506805419921875,"y":144.531417846679688},"min":{"x":-11.3188238143920898,"y":-159.468582153320312}},"zoom":0.924342095851898193}}